"Majority of Biden�s 2020 Voters Now Say He�s Too Old to Be Effective, Poll Says"
Donald Trump�s allies are quietly working to remove voters from the rolls before November.
Nikki Haley hedged on her pledge to support the eventual Republican nominee for president.
The Supreme Court seems poised to rule on Monday on Donald Trump�s eligibility for Colorado�s primary ballot.
Donald Trump is looming over the upcoming leadership battle to replace Mitch McConnell.
Lack of Plan for Governing Gaza Formed Backdrop to Deadly Convoy Chaos
U.N. Aid Agency Researchers Allege Abuse of Gazans in Israeli Detention
"Most of the aid trucks bound for northern Gaza in recent days were stopped along the way, swarmed and emptied."
"Kremlin Seeks to Suppress Aleksei Navalny�s Influence, in Death as in Life"
Russian Strike�s Toll Rises to 10 as Zelensky Blames Air Defense Delay
